Id,NOMBRE,PRIMER APELLIDO,SEGUNDO APELLIDO,FECHA DE NACIMIENTO,CURP,DETALLES DE OCUPACION (CATALOGO PENDIENTE),SEXO,GENERO
1,KATHIA,PRIMER APELLIDO,SEGUNDO APELLIDO,24/02/1999,CURP000000MVZCURP,LABORES DEL HOGAR,MUJER,FEMENINO
2,RUBI,PRIMER APELLIDO,SEGUNDO APELLIDO,01/06/2016,CURP000000MVZCURP,ESTUDIANTE,MUJER,FEMENINO
3,JESUS MANUEL,PRIMER APELLIDO,SEGUNDO APELLIDO,30/07/2007,CURP000000MVZCURP,ESTUDIANTE,HOMBRE,MASCULINO
4,CESAR EDUARDO,PRIMER APELLIDO,SEGUNDO APELLIDO,01/10/2000,CURP000000MVZCURP,CAMPESINO,HOMBRE,MASCULINO
5,ZOE SIOMARA,PRIMER APELLIDO,SEGUNDO APELLIDO,04/09/2006,CURP000000MVZCURP,COMERCIANTE,MUJER,FEMENINO
6,MAURO,PRIMER APELLIDO,SEGUNDO APELLIDO,03/09/1983,CURP000000MVZCURP,DESEMPLEADO,HOMBRE,MASCULINO
7,ALDO ALEJANDRO,PRIMER APELLIDO,SEGUNDO APELLIDO,SE DESCONOCE,CURP000000MVZCURP,CHOFER,HOMBRE,MASCULINO
8,FERNANDA ELISAMA,PRIMER APELLIDO,SEGUNDO APELLIDO,28/01/2000,CURP000000MVZCURP,NINGUNA,MUJER,FEMENINO
9,VANNIA CAMILA,PRIMER APELLIDO,SEGUNDO APELLIDO,30/04/2008,CURP000000MVZCURP,ESTUDIANTE,MUJER,FEMENINO
10,DEMIAN EMANUEL,PRIMER APELLIDO,SEGUNDO APELLIDO,08/06/2012,CURP000000MVZCURP,ESTUDIANTE,HOMBRE,MASCULINO
11,KARENKA ESTHER,PRIMER APELLIDO,SEGUNDO APELLIDO,17/09/2014,CURP000000MVZCURP,ESTUDIANTE,MUJER,FEMENINO
12,YESICA GUADALUPE,PRIMER APELLIDO,SEGUNDO APELLIDO,01/11/2006,CURP000000MVZCURP,EMPLEADA,MUJER,FEMENINO
13,MANUELA,PRIMER APELLIDO,SEGUNDO APELLIDO,02/07/1988,CURP000000MVZCURP,LABORES DEL HOGAR,MUJER,FEMENINO
14,JOVANNA,PRIMER APELLIDO,SEGUNDO APELLIDO,08/05/1989,CURP000000MVZCURP,LABORES DEL HOGAR,MUJER,FEMENINO
15,JACOBO,PRIMER APELLIDO,SEGUNDO APELLIDO,05/01/1974,CURP000000MVZCURP,ELECTRICISTA,HOMBRE,MASCULINO
16,COLUMBO ALBERTO,PRIMER APELLIDO,SEGUNDO APELLIDO,15/11/1967,CURP000000MVZCURP,ALBAÑIL,HOMBRE,MASCULINO
17,JETZEEL GUADALUPE,PRIMER APELLIDO,SEGUNDO APELLIDO,18/08/2003,CURP000000MVZCURP,COMERCIANTE,HOMBRE,MASCULINO
18,JORGE,PRIMER APELLIDO,SEGUNDO APELLIDO,12/02/1979,CURP000000MVZCURP,PERFORADOR DE POZO PETROLERO,HOMBRE,MASCULINO
19,GABRIELA,PRIMER APELLIDO,SEGUNDO APELLIDO,08/05/2007,CURP000000MVZCURP,ESTUDIANTE,MUJER,FEMENINO
20,PAULA,PRIMER APELLIDO,SEGUNDO APELLIDO,02/03/1935,CURP000000MVZCURP,LABORES DEL HOGAR,MUJER,FEMENINO
21,ALFONSO,PRIMER APELLIDO,SEGUNDO APELLIDO,23/01/1968,CURP000000MVZCURP,EMPLEADO DE FRIGORIFICO DE LA CUENCA DEL PAPALOAPAN,HOMBRE,MASCULINO
22,JULIO CESAR,PRIMER APELLIDO,SEGUNDO APELLIDO,08/01/1987,CURP000000MVZCURP,EMPLEADO DE BANCO SCOTIANBANK,HOMBRE,MASCULINO
23,RAUL,PRIMER APELLIDO,SEGUNDO APELLIDO,13/03/2008,CURP000000MVZCURP,ESTUDIANTE,HOMBRE,MASCULINO
24,ADRIAN,PRIMER APELLIDO,SEGUNDO APELLIDO,12/02/1964,CURP000000MVZCURP,NO ESPECIFICA,HOMBRE,MASCULINO
25,MIA SOLEDAD,PRIMER APELLIDO,SEGUNDO APELLIDO,29/11/2006,CURP000000MVZCURP,ESTUDIANTE,MUJER,FEMENINO
26,EDGAR CECILIO,PRIMER APELLIDO,SEGUNDO APELLIDO,17/10/1973,CURP000000MVZCURP,TRANSPORTE Y CARGA DEL SERVICIO PUBLICO FEDERAL,HOMBRE,MASCULINO
27,CARLOS MAURICIO,PRIMER APELLIDO,SEGUNDO APELLIDO,10/02/2002,CURP000000MVZCURP,ALBAÑIL,HOMBRE,MASCULINO
28,JESSICA,PRIMER APELLIDO,SEGUNDO APELLIDO,12/11/1993,CURP000000MVZCURP,OBRERA EN EL INGENIO LA PROVIDENCIA,MUJER,FEMENINO
29,OSCAR IVAN,PRIMER APELLIDO,SEGUNDO APELLIDO,03/08/1994,CURP000000MVZCURP,DESEMPLEADO,HOMBRE,MASCULINO
30,JAFHET ARTURO,PRIMER APELLIDO,SEGUNDO APELLIDO,19/10/2001,CURP000000MVZCURP,DESEMPLEADO,HOMBRE,MASCULINO
31,JUVENCIO,PRIMER APELLIDO,SEGUNDO APELLIDO,18/04/1981,CURP000000MVZCURP,OPERADOR DE TRANSPORTE DE CARGA,HOMBRE,MASCULINO
32,GUADALUPE,PRIMER APELLIDO,SEGUNDO APELLIDO,21/12/1970,CURP000000MVZCURP,AGRICULTOR,HOMBRE,MASCULINO
33,JAZMIN,PRIMER APELLIDO,SEGUNDO APELLIDO,12/07/2002,CURP000000MVZCURP,ESTUDIANTE,MUJER,FEMENINO
34,HECTOR MIGUEL,PRIMER APELLIDO,SEGUNDO APELLIDO,26/10/2002,CURP000000MVZCURP,DESEMPLEADO,HOMBRE,MASCULINO
35,CINTHYA LIZBETH,PRIMER APELLIDO,SEGUNDO APELLIDO,18/10/2002,CURP000000MVZCURP,LABORES DEL HOGAR,MUJER,FEMENINO
36,EVA MICHELLE,PRIMER APELLIDO,SEGUNDO APELLIDO,28/04/2021,CURP000000MVZCURP,,MUJER,FEMENINO
37,MAYDELINE MONSERRAT,PRIMER APELLIDO,SEGUNDO APELLIDO,08/10/2011,CURP000000MVZCURP,,MUJER,FEMENINO
38,IRVING OSMAR,PRIMER APELLIDO,SEGUNDO APELLIDO,24/07/2007,CURP000000MVZCURP,NO ESPECIFICA,HOMBRE,MASCULINO
39,JOSE VALENTE,PRIMER APELLIDO,SEGUNDO APELLIDO,20/03/2001,CURP000000MVZCURP,TRABAJADOR DE LA CONSTRUCCION,HOMBRE,MASCULINO
40,JOSE MANUEL,PRIMER APELLIDO,SEGUNDO APELLIDO,16/07/1982,CURP000000MVZCURP,DESEMPLEADO,HOMBRE,MASCULINO
41,DULCE MARIA,PRIMER APELLIDO,SEGUNDO APELLIDO,31/03/2007,CURP000000MVZCURP,EMPLEADA EN UN AUTOLAVADO,MUJER,FEMENINO
42,DANNA,PRIMER APELLIDO,SEGUNDO APELLIDO,03/03/2006,CURP000000MVZCURP,NINGUNA,MUJER,FEMENINO
43,EDGAR,PRIMER APELLIDO,SEGUNDO APELLIDO,06/04/1984,CURP000000MVZCURP,MEDICO CIRUJANO,HOMBRE,MASCULINO
44,SHIOMARA ALEXANDRA,PRIMER APELLIDO,SEGUNDO APELLIDO,30/04/1986,CURP000000MVZCURP,NINGUNA,MUJER,FEMENINO
45,EMMANUEL,PRIMER APELLIDO,SEGUNDO APELLIDO,14/06/1983,CURP000000MVZCURP,DENTISTA,HOMBRE,MASCULINO
46,ZUREYMA,PRIMER APELLIDO,SEGUNDO APELLIDO,24/12/2005,CURP000000MVZCURP,ESTUDIANTE,MUJER,FEMENINO
47,ERNESTO,PRIMER APELLIDO,SEGUNDO APELLIDO,11/11/2000,CURP000000MVZCURP,SIN EMPLEO,HOMBRE,MASCULINO
48,SHERLYN XADANI,PRIMER APELLIDO,SEGUNDO APELLIDO,03/08/2007,CURP000000MVZCURP,ESTUDIANTE,MUJER,FEMENINO
49,LUISA FERNANDA,PRIMER APELLIDO,SEGUNDO APELLIDO,22/09/2004,CURP000000MVZCURP,EMPLEADA,MUJER,FEMENINO
50,CHARLY,PRIMER APELLIDO,SEGUNDO APELLIDO,14/10/1987,CURP000000MVZCURP,ALBAÑIL,HOMBRE,MASCULINO
51,JOSE LUIS,PRIMER APELLIDO,SEGUNDO APELLIDO,21/10/1983,CURP000000MVZCURP,MAESTRO,HOMBRE,MASCULINO
52,JAIME BRUNO,PRIMER APELLIDO,SEGUNDO APELLIDO,09/07/1989,CURP000000MVZCURP,EMPLEADO,HOMBRE,MASCULINO
53,JULIO CESAR,PRIMER APELLIDO,SEGUNDO APELLIDO,04/07/1965,CURP000000MVZCURP,EMPLEADO EN FLORERIA,HOMBRE,MASCULINO
54,ANA GRISELDA,PRIMER APELLIDO,SEGUNDO APELLIDO,08/05/2009,CURP000000MVZCURP,ESTUDIANTE,MUJER,FEMENINO
55,ERICK ALFONSO,PRIMER APELLIDO,SEGUNDO APELLIDO,15/11/1985,CURP000000MVZCURP,EMPRESARIO,HOMBRE,MASCULINO
56,BRENDA,PRIMER APELLIDO,SEGUNDO APELLIDO,03/07/2006,CURP000000MVZCURP,NINGUNA,MUJER,FEMENINO
57,MIGUEL ANGEL,PRIMER APELLIDO,SEGUNDO APELLIDO,22/05/2005,CURP000000MVZCURP,ESTUDIANTE,HOMBRE,MASCULINO
58,CELSO,PRIMER APELLIDO,SEGUNDO APELLIDO,28/07/1954,CURP000000MVZCURP,MANDADERO,HOMBRE,MASCULINO
59,MARIA GUADALUPE,PRIMER APELLIDO,SEGUNDO APELLIDO,30/08/1996,CURP000000MVZCURP,EMPLEADA DE COCINA,MUJER,FEMENINO
60,MIDORI DEL ROSARIO,PRIMER APELLIDO,SEGUNDO APELLIDO,11/05/1993,CURP000000MVZCURP,EMPLEADA,MUJER,FEMENINO
61,LILIA,PRIMER APELLIDO,SEGUNDO APELLIDO,20/05/2003,CURP000000MVZCURP,ESTUDIANTE,MUJER,FEMENINO
62,KAMI JOVANNA,PRIMER APELLIDO,SEGUNDO APELLIDO,11/04/2021,CURP000000MVZCURP,NO APLICA,MUJER,FEMENINO
63,LEOVIGILDO,PRIMER APELLIDO,SEGUNDO APELLIDO,06/02/1974,CURP000000MVZCURP,CHOFER,HOMBRE,MASCULINO
64,MARIA DEL CARMEN,PRIMER APELLIDO,SEGUNDO APELLIDO,11/01/2010,CURP000000MVZCURP,NINGUNA,MUJER,FEMENINO
65,SERAFIN,PRIMER APELLIDO,SEGUNDO APELLIDO,12/10/1960,CURP000000MVZCURP,GANADERO,HOMBRE,MASCULINO
66,RICARDO,PRIMER APELLIDO,SEGUNDO APELLIDO,22/11/1998,CURP000000MVZCURP,,HOMBRE,MASCULINO
67,LESLIE,PRIMER APELLIDO,SEGUNDO APELLIDO,16/01/2003,CURP000000MVZCURP,LABORES DEL HOGRA,MUJER,FEMENINO
68,JIMENA ARIDAHIS,PRIMER APELLIDO,SEGUNDO APELLIDO,03/08/2019,CURP000000MVZCURP,,MUJER,FEMENINO
69,GUADALUPE ERIKA,PRIMER APELLIDO,SEGUNDO APELLIDO,09/12/1976,CURP000000MVZCURP,,MUJER,FEMENINO
70,NORBERTO,PRIMER APELLIDO,SEGUNDO APELLIDO,06/06/1980,CURP000000MVZCURP,ALBAÑIL,HOMBRE,MASCULINO
71,IVAN,PRIMER APELLIDO,SEGUNDO APELLIDO,12/10/2002,CURP000000MVZCURP,DESEMPLEADO,HOMBRE,MASCULINO
72,ERIK JOHANI,PRIMER APELLIDO,SEGUNDO APELLIDO,03/09/1994,CURP000000MVZCURP,VELADOR,HOMBRE,MASCULINO
73,JULIAN ARTURO,PRIMER APELLIDO,SEGUNDO APELLIDO,,CURP000000MVZCURP,MECANICO,HOMBRE,MASCULINO
74,ELIZABETH,PRIMER APELLIDO,SEGUNDO APELLIDO,02/03/1985,CURP000000MVZCURP,DESEMPLEADA,MUJER,FEMENINO
75,LUIS DANIEL,PRIMER APELLIDO,SEGUNDO APELLIDO,26/09/2008,CURP000000MVZCURP,ALBAÑIL,HOMBRE,MASCULINO
76,MARINA LYNETTE,PRIMER APELLIDO,SEGUNDO APELLIDO,19/08/2018,CURP000000MVZCURP,ESTUDIANTE,MUJER,FEMENINO
77,DIEGO,PRIMER APELLIDO,SEGUNDO APELLIDO,18/12/2020,CURP000000MVZCURP,,HOMBRE,MASCULINO
78,ALFONSO,PRIMER APELLIDO,SEGUNDO APELLIDO,17/11/1954,CURP000000MVZCURP,,HOMBRE,MASCULINO
79,SABDIA MELODY,PRIMER APELLIDO,SEGUNDO APELLIDO,29/08/2016,CURP000000MVZCURP,ESTUDIANTE,MUJER,FEMENINO
80,GEOVANNY GIBRAN,PRIMER APELLIDO,SEGUNDO APELLIDO,29/08/2016,CURP000000MVZCURP,ESTUDIANTE,HOMBRE,MASCULINO
81,FLORO,PRIMER APELLIDO,SEGUNDO APELLIDO,26/04/1972,CURP000000MVZCURP,DESEMPLEADO,HOMBRE,MASCULINO
82,HECTOR FELIPE,PRIMER APELLIDO,SEGUNDO APELLIDO,15/07/1983,CURP000000MVZCURP,PESCADOR,HOMBRE,MASCULINO
83,MICHEL,PRIMER APELLIDO,SEGUNDO APELLIDO,06/02/1999,CURP000000MVZCURP,EDECAN,MUJER,FEMENINO
84,PAULINA,PRIMER APELLIDO,SEGUNDO APELLIDO,31/12/1990,CURP000000MVZCURP,COMERCIANTE,MUJER,FEMENINO
85,DIANA SABINA,PRIMER APELLIDO,SEGUNDO APELLIDO,18/08/1998,CURP000000MVZCURP,COMERCIANTE,MUJER,FEMENINO
86,ROSA MARIA,PRIMER APELLIDO,SEGUNDO APELLIDO,29/01/1988,CURP000000MVZCURP,EMPLEADA,MUJER,FEMENINO
87,SUSAN,PRIMER APELLIDO,SEGUNDO APELLIDO,04/12/1978,CURP000000MVZCURP,LABORES DEL HOGAR Y COMERCIANTE,MUJER,FEMENINO
88,DYLAN ESTEBAN,PRIMER APELLIDO,SEGUNDO APELLIDO,10/10/2015,CURP000000MVZCURP,ESTUDIANTE,HOMBRE,MASCULINO
89,ANGEL DE JESUS,PRIMER APELLIDO,SEGUNDO APELLIDO,08/10/2001,CURP000000MVZCURP,DESEMPLEADO,HOMBRE,MASCULINO
90,JUAN YAIR,PRIMER APELLIDO,SEGUNDO APELLIDO,29/11/2002,CURP000000MVZCURP,,HOMBRE,MASCULINO
91,VIOLETA MICHEL,PRIMER APELLIDO,SEGUNDO APELLIDO,30/08/2003,CURP000000MVZCURP,EMPLEADA EN RESTAURANTE,MUJER,FEMENINO
92,RAFAEL,PRIMER APELLIDO,SEGUNDO APELLIDO,15/01/1994,CURP000000MVZCURP,EMPLEADO EN REFACCIONARIA MONTERREY,HOMBRE,MASCULINO
93,JOSE LUIS HERMELINDO,PRIMER APELLIDO,SEGUNDO APELLIDO,07/03/1959,CURP000000MVZCURP,PINTOR,HOMBRE,MASCULINO
94,ARTURO,PRIMER APELLIDO,SEGUNDO APELLIDO,15/04/1989,CURP000000MVZCURP,OPERADOR,HOMBRE,MASCULINO
95,JHOSUAR MIGUEL,PRIMER APELLIDO,SEGUNDO APELLIDO,07/08/2007,CURP000000MVZCURP,AYUDANTE DE ALBAÑIL,HOMBRE,MASCULINO
96,ISRAEL,PRIMER APELLIDO,SEGUNDO APELLIDO,,CURP000000MVZCURP,FONTANERO,HOMBRE,MASCULINO
97,JESUS,PRIMER APELLIDO,SEGUNDO APELLIDO,12/07/1959,CURP000000MVZCURP,JUBILADO,HOMBRE,MASCULINO
98,AMAIRANY,PRIMER APELLIDO,SEGUNDO APELLIDO,10/07/2007,CURP000000MVZCURP,ESTUDIANTE,MUJER,FEMENINO
99,JESUS ALBEN,PRIMER APELLIDO,SEGUNDO APELLIDO,08/06/1998,CURP000000MVZCURP,NINGUNA,HOMBRE,MASCULINO
100,LUIS MANUEL,PRIMER APELLIDO,SEGUNDO APELLIDO,29/11/1984,CURP000000MVZCURP,TAXISTA,HOMBRE,MASCULINO
101,ERIK RODRIGO,PRIMER APELLIDO,SEGUNDO APELLIDO,20/06/1993,CURP000000MVZCURP,DESEMPLEADO,HOMBRE,MASCULINO
102,LORENA,PRIMER APELLIDO,SEGUNDO APELLIDO,16/02/2006,CURP000000MVZCURP,LABORES DEL HOGAR,MUJER,FEMENINO
103,ESMERALDA,PRIMER APELLIDO,SEGUNDO APELLIDO,18/07/2002,CURP000000MVZCURP,GUARDIA DE SEGURIDAD,MUJER,FEMENINO
104,LUIS ALBERTO,PRIMER APELLIDO,SEGUNDO APELLIDO,18/01/1995,CURP000000MVZCURP,ALBAÑIL,HOMBRE,MASCULINO
105,WENDY JOSELINE,PRIMER APELLIDO,SEGUNDO APELLIDO,27/12/2006,CURP000000MVZCURP,ESTUDIANTE,MUJER,FEMENINO
106,MARIA GUADALUPE,PRIMER APELLIDO,SEGUNDO APELLIDO,,CURP000000MVZCURP,NO ESPECIFICA,MUJER,FEMENINO
107,HEIDI SARAI,PRIMER APELLIDO,SEGUNDO APELLIDO,27/10/2009,CURP000000MVZCURP,ESTUDIANTE,MUJER,FEMENINO
108,JOSE DE JESUS,PRIMER APELLIDO,SEGUNDO APELLIDO,21/01/1999,CURP000000MVZCURP,CARGADOR DE ABARROTES DE CASA,HOMBRE,MASCULINO
109,CESAR ALONSO,PRIMER APELLIDO,SEGUNDO APELLIDO,13/10/1998,CURP000000MVZCURP,EMPLEADO EN UNA TAQUERIA,HOMBRE,MASCULINO
110,SEBASTIAN DE JESUS,PRIMER APELLIDO,SEGUNDO APELLIDO,28/05/2006,CURP000000MVZCURP,ESTUDIANTE,HOMBRE,MASCULINO
111,JOSE LUIS,PRIMER APELLIDO,SEGUNDO APELLIDO,26/10/1990,CURP000000MVZCURP,MECANICO,HOMBRE,MASCULINO
112,FERNANDO,PRIMER APELLIDO,SEGUNDO APELLIDO,07/05/1989,CURP000000MVZCURP,DIVERSOS EMPLEOS,HOMBRE,MASCULINO
113,JENNIFER,PRIMER APELLIDO,SEGUNDO APELLIDO,13/11/2006,CURP000000MVZCURP,ESTUDIANTE,MUJER,FEMENINO
114,KARLA YAMILETH,PRIMER APELLIDO,SEGUNDO APELLIDO,19/02/2008,CURP000000MVZCURP,ESTUDIANTE,MUJER,FEMENINO
115,AMAYRANI,PRIMER APELLIDO,SEGUNDO APELLIDO,04/08/2005,CURP000000MVZCURP,LABORES DEL HOGAR,HOMBRE,FEMENINO
116,HERMILO,PRIMER APELLIDO,SEGUNDO APELLIDO,NO ESPECIFICA,CURP000000MVZCURP,CORTADOR DE LEÑA,HOMBRE,MASCULINO
117,JUAN FRANCISCO,PRIMER APELLIDO,SEGUNDO APELLIDO,28/07/1985,CURP000000MVZCURP,ALBAÑIL,HOMBRE,MASCULINO
118,LIZBETH,PRIMER APELLIDO,SEGUNDO APELLIDO,13/07/2000,CURP000000MVZCURP,LABORES DEL HOGAR,MUJER,FEMENINO
119,GABRIEL ISAID,PRIMER APELLIDO,SEGUNDO APELLIDO,25/10/2020,CURP000000MVZCURP,NO APLICA,HOMBRE,MASCULINO
120,RUBEN,PRIMER APELLIDO,SEGUNDO APELLIDO,04/06/1982,CURP000000MVZCURP,ALBAÑIL,HOMBRE,MASCULINO
121,PENDIENTE,PRIMER APELLIDO,SEGUNDO APELLIDO,PENDIENTE,CURP000000MVZCURP,PENDIENTE,HOMBRE,PENDIENTE
122,CELSA,PRIMER APELLIDO,SEGUNDO APELLIDO,06/04/1999,CURP000000MVZCURP,SIN EMPLEO,MUJER,MASCULINO
123,SERGIO HILARIO,PRIMER APELLIDO,SEGUNDO APELLIDO,16/02/1999,CURP000000MVZCURP,SIN EMPLEO,HOMBRE,MASCULINO
124,ARTURO,PRIMER APELLIDO,SEGUNDO APELLIDO,28/10/1950,CURP000000MVZCURP,NINGUNA,HOMBRE,MASCULINO
125,JAIRO,PRIMER APELLIDO,SEGUNDO APELLIDO,05/04/1994,CURP000000MVZCURP,COMERCIANTE,HOMBRE,MASCULINO
126,ALEJANDRO DARWIN,PRIMER APELLIDO,SEGUNDO APELLIDO,,CURP000000MVZCURP,NO ESPECIFICA,HOMBRE,MASCULINO
127,MARIA EUGENIA,PRIMER APELLIDO,SEGUNDO APELLIDO,15/11/1958,CURP000000MVZCURP,LABORES DEL HOGAR,MUJER,FEMENINO
128,CHRISTOPHER YAHIR,PRIMER APELLIDO,SEGUNDO APELLIDO,24/10/2005,CURP000000MVZCURP,EMPLEADO,HOMBRE,MASCULINO
129,ASHLEY,PRIMER APELLIDO,SEGUNDO APELLIDO,28/01/2004,CURP000000MVZCURP,COMERCIANTE; LABORES DEL HOGAR,MUJER,FEMENINO
130,CARLOS,PRIMER APELLIDO,SEGUNDO APELLIDO,,CURP000000MVZCURP,EMPLEADO,HOMBRE,MASCULINO
131,GREGORIO,PRIMER APELLIDO,SEGUNDO APELLIDO,23/09/1965,CURP000000MVZCURP,ELECTROMECANICO,HOMBRE,MASCULINO
132,ARIADNA PAMELA,PRIMER APELLIDO,SEGUNDO APELLIDO,01/04/2006,CURP000000MVZCURP,NO ESPECIFICA,MUJER,FEMENINO
133,AURORA XIMENA,PRIMER APELLIDO,SEGUNDO APELLIDO,18/05/2018,CURP000000MVZCURP,NO ESPECIFICA,MUJER,FEMENINO
134,ITZEL AMAIRANI,PRIMER APELLIDO,SEGUNDO APELLIDO,23/06/1992,CURP000000MVZCURP,MESERA,MUJER,FEMENINO
135,OBED,PRIMER APELLIDO,SEGUNDO APELLIDO,09/09/2004,CURP000000MVZCURP,TALACHERO,HOMBRE,MASCULINO
136,RAMON EULOGIO,PRIMER APELLIDO,SEGUNDO APELLIDO,26/03/1995,CURP000000MVZCURP,CAMPESINO,HOMBRE,MASCULINO
137,LUIS MIGUEL,PRIMER APELLIDO,SEGUNDO APELLIDO,24/10/1989,CURP000000MVZCURP,MARINO DE LA GUARDIA NACIONAL,HOMBRE,MASCULINO
138,DAVID,PRIMER APELLIDO,SEGUNDO APELLIDO,02/05/1983,CURP000000MVZCURP,DESEMPLEADO,HOMBRE,MASCULINO
139,ZURIZADEY,PRIMER APELLIDO,SEGUNDO APELLIDO,15/01/1998,CURP000000MVZCURP,LABORES DEL HOGAR,MUJER,FEMENINO
140,AITANA YULIETH,PRIMER APELLIDO,SEGUNDO APELLIDO,17/05/2021,CURP000000MVZCURP,NO APLICA,MUJER,FEMENINO
141,MARIDIANA DEL ROCIO,PRIMER APELLIDO,SEGUNDO APELLIDO,30/05/1995,CURP000000MVZCURP,MESERA EN BARES,MUJER,FEMENINO
142,DANIELA,PRIMER APELLIDO,SEGUNDO APELLIDO,19/02/2008,CURP000000MVZCURP,ESTUDIANTE,MUJER,FEMENINO
143,JOSE MANUEL,PRIMER APELLIDO,SEGUNDO APELLIDO,15/03/1988,CURP000000MVZCURP,EMPLEADO EN CIVESA THROW,HOMBRE,MASCULINO
144,JOSE ERNESTO,PRIMER APELLIDO,SEGUNDO APELLIDO,01/11/1989,CURP000000MVZCURP,COMERCIANTE,HOMBRE,MASCULINO
145,EDSON IVAN,PRIMER APELLIDO,SEGUNDO APELLIDO,21/10/1992,CURP000000MVZCURP,COMERCIANTE,HOMBRE,MASCULINO
146,GUILLERMO,PRIMER APELLIDO,SEGUNDO APELLIDO,10/02/1996,CURP000000MVZCURP,CHOFER DE TRANSPORTE PUBLICO,HOMBRE,MASCULINO
147,CESAR ARTURO,PRIMER APELLIDO,SEGUNDO APELLIDO,13/09/1989,CURP000000MVZCURP,TAXISTA,HOMBRE,MASCULINO
148,GUADALUPE YADIRA,PRIMER APELLIDO,SEGUNDO APELLIDO,05/06/1973,CURP000000MVZCURP,COMERCIANTE,MUJER,FEMENINO
149,HUMBERTO GABRIEL,PRIMER APELLIDO,SEGUNDO APELLIDO,06/03/1946,CURP000000MVZCURP,CASADO,HOMBRE,MASCULINO
150,JOSE ALBERTO,PRIMER APELLIDO,SEGUNDO APELLIDO,07/08/1992,CURP000000MVZCURP,COMERCIANTE,HOMBRE,MASCULINO
151,LOANI,PRIMER APELLIDO,SEGUNDO APELLIDO,27/12/1994,CURP000000MVZCURP,,MUJER,FEMENINO
152,OLGA MARLENE,PRIMER APELLIDO,SEGUNDO APELLIDO,19/06/2001,CURP000000MVZCURP,,MUJER,FEMENINO
153,ANGEL DE JESUS,PRIMER APELLIDO,SEGUNDO APELLIDO,30/07/2007,CURP000000MVZCURP,ESTUDIANTE,HOMBRE,MASCULINO
154,LEONARDO CIRILO,PRIMER APELLIDO,SEGUNDO APELLIDO,26/11/1993,CURP000000MVZCURP,EMPLEADO EN PIZZERIA,HOMBRE,MASCULINO
155,RICARDO,PRIMER APELLIDO,SEGUNDO APELLIDO,03/04/1981,CURP000000MVZCURP,PENSIONADO,HOMBRE,MASCULINO
156,JOSE ROBERTO,PRIMER APELLIDO,SEGUNDO APELLIDO,16/04/1993,CURP000000MVZCURP,ALBAÑIL,HOMBRE,MASCULINO
157,CESAR EDGARDO,PRIMER APELLIDO,SEGUNDO APELLIDO,20/04/1997,CURP000000MVZCURP,NINGUNA,HOMBRE,MASCULINO
158,EVOLETT CONCEPCION,PRIMER APELLIDO,SEGUNDO APELLIDO,16/09/2010,CURP000000MVZCURP,ESTUDIANTE,MUJER,FEMENINO
159,DIEGO ARTURO,PRIMER APELLIDO,SEGUNDO APELLIDO,13/05/2013,CURP000000MVZCURP,ESTUDIANTE,HOMBRE,MASCULINO
160,JOSE FRANCISCO,PRIMER APELLIDO,SEGUNDO APELLIDO,26/05/2014,CURP000000MVZCURP,ESTUDIANTE,HOMBRE,MASCULINO
161,YAMIRI,PRIMER APELLIDO,SEGUNDO APELLIDO,26/04/2010,CURP000000MVZCURP,ESTUDIANTE,MUJER,FEMENINO
162,JUAN CARLOS,PRIMER APELLIDO,SEGUNDO APELLIDO,15/02/1992,CURP000000MVZCURP,TRABAJADOR DE LA CONSTRUCCION,HOMBRE,MASCULINO
163,SANDRA,PRIMER APELLIDO,SEGUNDO APELLIDO,24/02/2004,CURP000000MVZCURP,LABORES DEL HOGAR,MUJER,FEMENINO
164,SAUL,PRIMER APELLIDO,SEGUNDO APELLIDO,01/07/1974,CURP000000MVZCURP,PRODUCTOR DE CAÑA,HOMBRE,MASCULINO
165,BRENDA ESMERALDA,PRIMER APELLIDO,SEGUNDO APELLIDO,10/01/2008,CURP000000MVZCURP,ESTUDIANTE,MUJER,FEMENINO
166,ADA MERCEDES,PRIMER APELLIDO,SEGUNDO APELLIDO,19/01/2008,CURP000000MVZCURP,ESTUDIANTE,MUJER,FEMENINO
167,CESAR,PRIMER APELLIDO,SEGUNDO APELLIDO,14/09/2006,CURP000000MVZCURP,NO ESPECIFICA,HOMBRE,MASCULINO
168,AGUSTIN,PRIMER APELLIDO,SEGUNDO APELLIDO,20/10/1969,CURP000000MVZCURP,COMERCIANTE,HOMBRE,MASCULINO
169,ISABEL,PRIMER APELLIDO,SEGUNDO APELLIDO,31/05/1983,CURP000000MVZCURP,LABORES DEL HOGAR,MUJER,FEMENINO
170,JOSE LINO,PRIMER APELLIDO,SEGUNDO APELLIDO,23/09/1969,CURP000000MVZCURP,TAXISTA; CAMPESINO,HOMBRE,MASCULINO
171,FORTINO,PRIMER APELLIDO,SEGUNDO APELLIDO,17/04/1993,CURP000000MVZCURP,PESCADOR,HOMBRE,MASCULINO
172,LIDMI ISVI,PRIMER APELLIDO,SEGUNDO APELLIDO,99/08/2005,CURP000000MVZCURP,ESTUDIANTE,MUJER,FEMENINO
173,MONSERRAT DEL SOL,PRIMER APELLIDO,SEGUNDO APELLIDO,21/01/2007,CURP000000MVZCURP,ESTUDIANTE,MUJER,FEMENINO
174,ABBY JEANNETTE,PRIMER APELLIDO,SEGUNDO APELLIDO,04/06/2009,CURP000000MVZCURP,ESTUDIANTE,MUJER,FEMENINO
175,JOSE LUIS,PRIMER APELLIDO,SEGUNDO APELLIDO,18/09/1962,CURP000000MVZCURP,PENALISTA,HOMBRE,MASCULINO
176,CAMILA,PRIMER APELLIDO,SEGUNDO APELLIDO,05/06/2009,CURP000000MVZCURP,NINGUNA,MUJER,FEMENINO
177,EDGAR IVAN,PRIMER APELLIDO,SEGUNDO APELLIDO,22/07/1982,CURP000000MVZCURP,MECANICO,HOMBRE,MASCULINO
178,JACOBO,PRIMER APELLIDO,SEGUNDO APELLIDO,27/11/1985,CURP000000MVZCURP,ALBAÑIL,HOMBRE,MASCULINO
179,ADELINA,PRIMER APELLIDO,SEGUNDO APELLIDO,,CURP000000MVZCURP,LABORES DEL HOGAR,MUJER,FEMENINO
180,AGUSTIN,PRIMER APELLIDO,SEGUNDO APELLIDO,30/01/2005,CURP000000MVZCURP,AYUDANTE DE ALBAÑIL,HOMBRE,MASCULINO
181,JOSE ARTURO,PRIMER APELLIDO,SEGUNDO APELLIDO,26/11/1987,CURP000000MVZCURP,MECANICO DE MOTOS,HOMBRE,MASCULINO
182,RAFAEL,PRIMER APELLIDO,SEGUNDO APELLIDO,17/12/1993,CURP000000MVZCURP,CAÑERO,HOMBRE,MASCULINO
183,ARLEN,PRIMER APELLIDO,SEGUNDO APELLIDO,25/03/1978,CURP000000MVZCURP,COMERCIANTE,MUJER,FEMENINO
184,PATRICIA,PRIMER APELLIDO,SEGUNDO APELLIDO,02/09/1975,CURP000000MVZCURP,COMERCIANTE,MUJER,FEMENINO
185,PABLO,PRIMER APELLIDO,SEGUNDO APELLIDO,26/02/2010,CURP000000MVZCURP,ESTUDIANTE,HOMBRE,MASCULINO
186,AZUCENA,PRIMER APELLIDO,SEGUNDO APELLIDO,26/06/1986,CURP000000MVZCURP,LABORES DEL HOGAR,MUJER,FEMENINO
187,MAURICIO,PRIMER APELLIDO,SEGUNDO APELLIDO,11/10/1987,CURP000000MVZCURP,COMERCIANTE,HOMBRE,MASCULINO
188,AZUCENA CITALI,PRIMER APELLIDO,SEGUNDO APELLIDO,04/09/2007,CURP000000MVZCURP,ESTUDIANTE,MUJER,FEMENINO
189,ALEXIS,PRIMER APELLIDO,SEGUNDO APELLIDO,19/08/2000,CURP000000MVZCURP,CAMPESINO,HOMBRE,MASCULINO
190,ARTURO,PRIMER APELLIDO,SEGUNDO APELLIDO,09/05/1975,CURP000000MVZCURP,SIN EMPLEO,HOMBRE,MASCULINO
191,AXEL ALBERTO,PRIMER APELLIDO,SEGUNDO APELLIDO,12/12/1991,CURP000000MVZCURP,APRENDIZ DE CARPINTERIA,HOMBRE,MASCULINO
192,SUSANA,PRIMER APELLIDO,SEGUNDO APELLIDO,04/11/2010,CURP000000MVZCURP,ESTUDIANTE,MUJER,MASCULINO
193,RAMON,PRIMER APELLIDO,SEGUNDO APELLIDO,31/08/1988,CURP000000MVZCURP,OPERADOR DE TRACTO CAMION (MADRINA),HOMBRE,MASCULINO
194,FLOR ABIGAIL,PRIMER APELLIDO,SEGUNDO APELLIDO,21/07/1994,CURP000000MVZCURP,LABORES DEL HOGAR,MUJER,FEMENINO
195,ANCELMO INOCENCIO,PRIMER APELLIDO,SEGUNDO APELLIDO,22/06/1969,CURP000000MVZCURP,TAXISTA,HOMBRE,MASCULINO
196,RICARDO,PRIMER APELLIDO,SEGUNDO APELLIDO,09/11/1997,CURP000000MVZCURP,TATUADOR,HOMBRE,MASCULINO
197,REYNALDO,PRIMER APELLIDO,SEGUNDO APELLIDO,16/12/1940,CURP000000MVZCURP,REPARTIDOR DE LECHE,HOMBRE,MASCULINO
198,FRANCISCO JAVIER,PRIMER APELLIDO,SEGUNDO APELLIDO,03/12/1991,CURP000000MVZCURP,ALBAÑIL,HOMBRE,MASCULINO
199,SABINO,PRIMER APELLIDO,SEGUNDO APELLIDO,18/12/1991,CURP000000MVZCURP,DESEMPLEANO,HOMBRE,MASCULINO
200,GERARDO DE JESUS,PRIMER APELLIDO,SEGUNDO APELLIDO,,CURP000000MVZCURP,NO ESPECIFICA,HOMBRE,MASCULINO
201,CARLOS JAIR,PRIMER APELLIDO,SEGUNDO APELLIDO,10/10/1989,CURP000000MVZCURP,CONDUCTOR DE VOLTEO,HOMBRE,MASCULINO
202,YARASED,PRIMER APELLIDO,SEGUNDO APELLIDO,26/02/1978,CURP000000MVZCURP,EMPLEADA,MUJER,FEMENINO
203,LUIS ANGEL,PRIMER APELLIDO,SEGUNDO APELLIDO,07/11/2001,CURP000000MVZCURP,SIN EMPLEO,HOMBRE,MASCULINO
204,VICTORIA,PRIMER APELLIDO,SEGUNDO APELLIDO,14/02/1991,CURP000000MVZCURP,MESERA,MUJER,FEMENINO
205,JONATAN,PRIMER APELLIDO,SEGUNDO APELLIDO,26/05/1995,CURP000000MVZCURP,EMPLEADO DE CEMENTERA,HOMBRE,MASCULINO
206,LUIS,PRIMER APELLIDO,SEGUNDO APELLIDO,28/09/1971,CURP000000MVZCURP,TRAILERO,HOMBRE,MASCULINO
207,ISABELLA MALENY,PRIMER APELLIDO,SEGUNDO APELLIDO,01/02/2015,CURP000000MVZCURP,ESTUDIANTE,MUJER,FEMENINO
208,DANIA,PRIMER APELLIDO,SEGUNDO APELLIDO,19/06/2008,CURP000000MVZCURP,ESTUDIANTE,MUJER,FEMENINO
209,MIGUEL ANGEL,PRIMER APELLIDO,SEGUNDO APELLIDO,05/09/2000,CURP000000MVZCURP,NO ESPECIFICA,HOMBRE,MASCULINO
210,MARIA DE LOS ANGELES,PRIMER APELLIDO,SEGUNDO APELLIDO,20/06/2007,CURP000000MVZCURP,LABORES DEL HOGAR,MUJER,FEMENINO
211,MARIA ANTONIA,PRIMER APELLIDO,SEGUNDO APELLIDO,23/06/2005,CURP000000MVZCURP,LABORES DEL HOGAR,MUJER,FEMENINO
212,MIRZA STEPHANI,PRIMER APELLIDO,SEGUNDO APELLIDO,02/09/1994,CURP000000MVZCURP,EMPLEADA EN GRANJA DE POLLOS,MUJER,FEMENINO
213,XIMENA AIME,PRIMER APELLIDO,SEGUNDO APELLIDO,24/10/2015,CURP000000MVZCURP,ESTUDIANTE,MUJER,FEMENINO
214,OWEN ARTURO,PRIMER APELLIDO,SEGUNDO APELLIDO,02/08/2020,CURP000000MVZCURP,NO APLICA,HOMBRE,MASCULINO
215,MARIA BERENICE,PRIMER APELLIDO,SEGUNDO APELLIDO,08/05/2003,CURP000000MVZCURP,LABORES DEL HOGAR,MUJER,FEMENINO
216,ALAN DANIEL,PRIMER APELLIDO,SEGUNDO APELLIDO,22/10/2009,CURP000000MVZCURP,ESTUDIANTE,HOMBRE,MASCULINO
217,JOSE GUADALUPE,PRIMER APELLIDO,SEGUNDO APELLIDO,12/04/1973,CURP000000MVZCURP,CHOFER DE MAQUINARIA PESADA,HOMBRE,MASCULINO
218,LESLY YAMILET,PRIMER APELLIDO,SEGUNDO APELLIDO,10/12/2006,CURP000000MVZCURP,EMPLEADA EN UNA TAQUERIA,MUJER,FEMENINO
219,GLORIA JANETH,PRIMER APELLIDO,SEGUNDO APELLIDO,28/04/2008,CURP000000MVZCURP,NO ESPECIFICA,MUJER,FEMENINO
220,ADRIANA,PRIMER APELLIDO,SEGUNDO APELLIDO,28/05/2005,CURP000000MVZCURP,NO ESPECIFICA,MUJER,FEMENINO
221,SELENE,PRIMER APELLIDO,SEGUNDO APELLIDO,11/02/1998,CURP000000MVZCURP,,MUJER,FEMENINO
222,ISAAC,PRIMER APELLIDO,SEGUNDO APELLIDO,22/05/1993,CURP000000MVZCURP,EMPLEADO DE AUTOLAVADO,HOMBRE,MASCULINO
223,JESUS EMMANUEL,PRIMER APELLIDO,SEGUNDO APELLIDO,04/11/1996,CURP000000MVZCURP,TAXISTA,HOMBRE,MASCULINO
224,MARIA IMELDA,PRIMER APELLIDO,SEGUNDO APELLIDO,09/01/1953,CURP000000MVZCURP,LABORES DEL HOGAR / JUBILADA,MUJER,FEMENINO
225,JOSE DAVID,PRIMER APELLIDO,SEGUNDO APELLIDO,11/08/2002,CURP000000MVZCURP,EMPLEADO OXXO,HOMBRE,MASCULINO
226,EDWIN,PRIMER APELLIDO,SEGUNDO APELLIDO,28/08/2004,CURP000000MVZCURP,CHOFER DE PIPA DE AGUA,HOMBRE,MASCULINO
227,HECTOR ALEJANDRO,PRIMER APELLIDO,SEGUNDO APELLIDO,15/06/2003,CURP000000MVZCURP,PERFORADOR DE POZOS,HOMBRE,MASCULINO
228,ARELI,PRIMER APELLIDO,SEGUNDO APELLIDO,03/04/1978,CURP000000MVZCURP,MECANICO,HOMBRE,MASCULINO
229,MIRIAM IRANIS,PRIMER APELLIDO,SEGUNDO APELLIDO,30/08/2002,CURP000000MVZCURP,POLICIA FUERZA CIVIL,MUJER,FEMENINO
230,ALVARO,PRIMER APELLIDO,SEGUNDO APELLIDO,25/02/1965,CURP000000MVZCURP,OBRERO,HOMBRE,MASCULINO
231,MARCOS,PRIMER APELLIDO,SEGUNDO APELLIDO,13/08/1984,CURP000000MVZCURP,EMPLEADO,HOMBRE,MASCULINO
232,MARCO ANTONIO,PRIMER APELLIDO,SEGUNDO APELLIDO,21/07/1984,CURP000000MVZCURP,NO ESPECIFICA,HOMBRE,MASCULINO
233,ALEJANDRO,PRIMER APELLIDO,SEGUNDO APELLIDO,22/03/1999,CURP000000MVZCURP,CAMPESINO,HOMBRE,MASCULINO
234,GLORIMAR,PRIMER APELLIDO,SEGUNDO APELLIDO,18/10/1994,CURP000000MVZCURP,EMFERMERA,MUJER,FEMENINO
235,CRESCENCIO,PRIMER APELLIDO,SEGUNDO APELLIDO,15/06/1980,CURP000000MVZCURP,CAMPESINO,HOMBRE,MASCULINO
236,GUADALUPE,PRIMER APELLIDO,SEGUNDO APELLIDO,12/12/2000,CURP000000MVZCURP,AYUDANTE DE ALBAÑIL,HOMBRE ,MASCULINO
237,LUZ GABRIELA,PRIMER APELLIDO,SEGUNDO APELLIDO,27/05/2008,CURP000000MVZCURP,NO ESPECIFICA,MUJER,FEMENINO
238,ERICK,PRIMER APELLIDO,SEGUNDO APELLIDO,00/00/0000,CURP000000MVZCURP,NO ESPECIFICA,HOMBRE,MASCULINO
239,BAJA,PRIMER APELLIDO,SEGUNDO APELLIDO,BAJA,CURP000000MVZCURP,BAJA,BAJA,BAJA
240,XIMENA,PRIMER APELLIDO,SEGUNDO APELLIDO,03/04/2006,CURP000000MVZCURP,,MUJER,FEMENINO
241,GERARDO EDUARDO,PRIMER APELLIDO,SEGUNDO APELLIDO,02/10/2004,CURP000000MVZCURP,,HOMBRE,MASCULINO
242,ALBERTO,PRIMER APELLIDO,SEGUNDO APELLIDO,NO ESPECIFICA,CURP000000MVZCURP,,HOMBRE,MASCULINO
243,ERICK,PRIMER APELLIDO,SEGUNDO APELLIDO,01/12/1995,CURP000000MVZCURP,,HOMBRE,MASCULINO
244,MARIA INES,PRIMER APELLIDO,SEGUNDO APELLIDO,04/01/2008,CURP000000MVZCURP,NO ESPECIFICA,MUJER,FEMENINO
245,LUIS ALBERTO,PRIMER APELLIDO,SEGUNDO APELLIDO,23/03/1995,CURP000000MVZCURP,NO ESPECIFICA,HOMBRE,MASCULINO
